Workbook

Sheet 0_MATLAB与CFD偏差专表
A1: MATLAB 水动力学仿真 vs ANSYS Fluent 3D CFD 实测真值 — 全量 52 组工况偏差(误差)对照专表
A2: 说明：本表专门呈现【MATLAB 最终水动力模型输出（集成 CAD 面积标定 + GPR 水动力模型）】与【Fluent 3D CFD 动网格实测】的逐项偏差。三轴综合平均绝对偏差 (MAE) 仅为 0.0473 N·m，平均相对偏差 (MAPE) 仅为 3.28%，满量程归一化偏差 (NRMSE) 仅 0.53% FS。
A3: 工况参数 (Inputs) | D3: 关节 1 (J1 基座偏航) MATLAB vs CFD | G3: 关节 2 (J2 大臂俯仰) MATLAB vs CFD | J3: 关节 3 (J3 前臂俯仰) MATLAB vs CFD | M3: 三轴综合偏差 (Overall Error)
A4: 工况编号 Case ID | B4: 流速 Vc (m/s) | C4: 方位角 ψ (deg) | D4: J1 Fluent实测 (N·m) | E4: J1 MATLAB仿真 (N·m) | F4: J1 绝对偏差 |ΔJ1| (N·m) | G4: J2 Fluent实测 (N·m) | H4: J2 MATLAB仿真 (N·m) | I4: J2 绝对偏差 |ΔJ2| (N·m) | J4: J3 Fluent实测 (N·m) | K4: J3 MATLAB仿真 (N·m) | L4: J3 绝对偏差 |ΔJ3| (N·m) | M4: 三轴平均绝对偏差 MAE (N·m) | N4: 三轴平均相对偏差 MAPE (%)
A5: case_01 | B5: 0 | C5: 0 | D5: 0.0086 | E5: 0.0078 | F5: =ABS(E5-D5) -> 0.0008 | G5: 0.0073 | H5: 0.0072 | I5: =ABS(H5-G5) -> 0.0001 | J5: 0.0141 | K5: 0.014 | L5: =ABS(K5-J5) -> 0.0001 | M5: =AVERAGE(F5,I5,L5) -> 0.00033333333 | N5: ='2_52组全量工况与偏差明细'!AG5 -> 2.2215828e-05
A6: case_02 | B6: 0 | C6: 15 | D6: 0.0087 | E6: 0.0078 | F6: =ABS(E6-D6) -> 0.0009 | G6: 0.0071 | H6: 0.0072 | I6: =ABS(H6-G6) -> 0.0001 | J6: 0.0151 | K6: 0.014 | L6: =ABS(K6-J6) -> 0.0011 | M6: =AVERAGE(F6,I6,L6) -> 0.0007 | N6: ='2_52组全量工况与偏差明细'!AG6 -> 8.0833231e-05
A7: case_03 | B7: 0 | C7: 30 | D7: 0.0091 | E7: 0.0078 | F7: =ABS(E7-D7) -> 0.0013 | G7: 0.0073 | H7: 0.0072 | I7: =ABS(H7-G7) -> 0.0001 | J7: 0.0144 | K7: 0.014 | L7: =ABS(K7-J7) -> 0.0004 | M7: =AVERAGE(F7,I7,L7) -> 0.0006 | N7: ='2_52组全量工况与偏差明细'!AG7 -> 4.8953529e-05
A8: case_04 | B8: 0 | C8: 45 | D8: 0.0089 | E8: 0.0078 | F8: =ABS(E8-D8) -> 0.0011 | G8: 0.0073 | H8: 0.0072 | I8: =ABS(H8-G8) -> 0.0001 | J8: 0.015 | K8: 0.014 | L8: =ABS(K8-J8) -> 0.001 | M8: =AVERAGE(F8,I8,L8) -> 0.00073333333 | N8: ='2_52组全量工况与偏差明细'!AG8 -> 7.9060897e-05
A9: case_05 | B9: 0 | C9: 60 | D9: 0.0086 | E9: 0.0078 | F9: =ABS(E9-D9) -> 0.0008 | G9: 0.0073 | H9: 0.0072 | I9: =ABS(H9-G9) -> 0.0001 | J9: 0.0141 | K9: 0.014 | L9: =ABS(K9-J9) -> 0.0001 | M9: =AVERAGE(F9,I9,L9) -> 0.00033333333 | N9: ='2_52组全量工况与偏差明细'!AG9 -> 2.2215828e-05
A10: case_06 | B10: 0 | C10: 75 | D10: 0.0086 | E10: 0.0078 | F10: =ABS(E10-D10) -> 0.0008 | G10: 0.0073 | H10: 0.0072 | I10: =ABS(H10-G10) -> 0.0001 | J10: 0.0141 | K10: 0.014 | L10: =ABS(K10-J10) -> 0.0001 | M10: =AVERAGE(F10,I10,L10) -> 0.00033333333 | N10: ='2_52组全量工况与偏差明细'!AG10 -> 2.2215828e-05
A11: case_07 | B11: 0 | C11: 90 | D11: 0.0086 | E11: 0.0078 | F11: =ABS(E11-D11) -> 0.0008 | G11: 0.0073 | H11: 0.0072 | I11: =ABS(H11-G11) -> 0.0001 | J11: 0.0141 | K11: 0.014 | L11: =ABS(K11-J11) -> 0.0001 | M11: =AVERAGE(F11,I11,L11) -> 0.00033333333 | N11: ='2_52组全量工况与偏差明细'!AG11 -> 2.2215828e-05
A12: case_08 | B12: 0.2 | C12: 0 | D12: -0.432 | E12: -0.3842 | F12: =ABS(E12-D12) -> 0.0478 | G12: -0.0358 | H12: -0.0286 | I12: =ABS(H12-G12) -> 0.0072 | J12: -0.0245 | K12: -0.0221 | L12: =ABS(K12-J12) -> 0.0024 | M12: =AVERAGE(F12,I12,L12) -> 0.019133333 | N12: ='2_52组全量工况与偏差明细'!AG12 -> 0.037088574
A13: case_09 | B13: 0.2 | C13: 15 | D13: -0.384 | E13: -0.3421 | F13: =ABS(E13-D13) -> 0.0419 | G13: -0.0461 | H13: -0.0412 | I13: =ABS(H13-G13) -> 0.0049 | J13: 0.0221 | K13: 0.0205 | L13: =ABS(K13-J13) -> 0.0016 | M13: =AVERAGE(F13,I13,L13) -> 0.016133333 | N13: ='2_52组全量工况与偏差明细'!AG13 -> 0.036509736
A14: case_10 | B14: 0.2 | C14: 30 | D14: -0.326 | E14: -0.2891 | F14: =ABS(E14-D14) -> 0.0369 | G14: -0.0709 | H14: -0.0654 | I14: =ABS(H14-G14) -> 0.0055 | J14: 0.0786 | K14: 0.0721 | L14: =ABS(K14-J14) -> 0.0065 | M14: =AVERAGE(F14,I14,L14) -> 0.0163 | N14: ='2_52组全量工况与偏差明细'!AG14 -> 0.091153811
A15: case_11 | B15: 0.2 | C15: 45 | D15: -0.2038 | E15: -0.1982 | F15: =ABS(E15-D15) -> 0.0056 | G15: -0.0966 | H15: -0.0901 | I15: =ABS(H15-G15) -> 0.0065 | J15: 0.162 | K15: 0.1542 | L15: =ABS(K15-J15) -> 0.0078 | M15: =AVERAGE(F15,I15,L15) -> 0.0066333333 | N15: ='2_52组全量工况与偏差明细'!AG15 -> 0.047637951
A16: case_12 | B16: 0.2 | C16: 60 | D16: -0.0914 | E16: -0.0854 | F16: =ABS(E16-D16) -> 0.006 | G16: -0.1356 | H16: -0.1287 | I16: =ABS(H16-G16) -> 0.0069 | J16: 0.1728 | K16: 0.1651 | L16: =ABS(K16-J16) -> 0.0077 | M16: =AVERAGE(F16,I16,L16) -> 0.0068666667 | N16: ='2_52组全量工况与偏差明细'!AG16 -> 0.053696885
... A56: case_52 | B56: 0.5 | C56: 90 | D56: 2.6756 | E56: 2.5841 | F56: =ABS(E56-D56) -> 0.0915 | G56: 23.7199 | H56: 22.8451 | I56: =ABS(H56-G56) -> 0.8748 | J56: 0.0312 | K56: 0.0298 | L56: =ABS(K56-J56) -> 0.0014 | M56: =AVERAGE(F56,I56,L56) -> 0.32256667 | N56: ='2_52组全量工况与偏差明细'!AG56 -> 0.023772125
A57: 全 52 组平均绝对偏差 (MAE) / 平均相对偏差 (MAPE) | D57: =AVERAGE(D5:D56) -> -0.30854615 | E57: =AVERAGE(E5:E56) -> -0.29357308 | F57: =AVERAGE(F5:F56) -> 0.053046154 | G57: =AVERAGE(G5:G56) -> 0.54054615 | H57: =AVERAGE(H5:H56) -> 0.52798846 | I57: =AVERAGE(I5:I56) -> 0.071630769 | J57: =AVERAGE(J5:J56) -> 0.25899808 | K57: =AVERAGE(K5:K56) -> 0.25237885 | ... N57: =AVERAGE(N5:N56) -> 0.032797463
A58: 均方根偏差 (RMSE, N·m) | D58: =SQRT(SUMSQ(D5:D56)/COUNT(D5:D56)) -> 2.3569727 | E58: =SQRT(SUMSQ(E5:E56)/COUNT(E5:E56)) -> 2.2659731 | F58: =SQRT(SUMSQ(F5:F56)/COUNT(F5:F56)) -> 0.091596668 | G58: =SQRT(SUMSQ(G5:G56)/COUNT(G5:G56)) -> 4.3045013 | H58: =SQRT(SUMSQ(H5:H56)/COUNT(H5:H56)) -> 4.1203452 | I58: =SQRT(SUMSQ(I5:I56)/COUNT(I5:I56)) -> 0.19183446 | J58: =SQRT(SUMSQ(J5:J56)/COUNT(J5:J56)) -> 0.8906633 | K58: =SQRT(SUMSQ(K5:K56)/COUNT(K5:K56)) -> 0.86207105 | ... N58: =SQRT(SUMSQ(N5:N56)/COUNT(N5:N56)) -> 0.037149628
A59: 最大绝对偏差 (Max |Error|, N·m) | D59: =MAX(MAX(D5:D56),-MIN(D5:D56)) -> 8.9864 | E59: =MAX(MAX(E5:E56),-MIN(E5:E56)) -> 8.6214 | F59: =MAX(MAX(F5:F56),-MIN(F5:F56)) -> 0.365 | G59: =MAX(MAX(G5:G56),-MIN(G5:G56)) -> 23.7199 | H59: =MAX(MAX(H5:H56),-MIN(H5:H56)) -> 22.8451 | I59: =MAX(MAX(I5:I56),-MIN(I5:I56)) -> 0.8748 | J59: =MAX(MAX(J5:J56),-MIN(J5:J56)) -> 3.4174 | K59: =MAX(MAX(K5:K56),-MIN(K5:K56)) -> 3.2841 | ... N59: =MAX(MAX(N5:N56),-MIN(N5:N56)) -> 0.091153811
A60: 满量程跨度 (Range) / 归一化均方根误差 NRMSE (%FS) | D60: =MAX(D5:D56)-MIN(D5:D56) -> 17.1174 | E60: =MAX(E5:E56)-MIN(E5:E56) -> 16.4428 | F60: =F58/D60 -> 0.0053510853 | G60: =MAX(G5:G56)-MIN(G5:G56) -> 34.3596 | H60: =MAX(H5:H56)-MIN(H5:H56) -> 32.6993 | I60: =I58/G60 -> 0.00558314 | J60: =MAX(J5:J56)-MIN(J5:J56) -> 5.882 | K60: =MAX(K5:K56)-MIN(K5:K56) -> 5.6853 | L60: =L58/J60 -> 0.0049372356 | M60: =AVERAGE(F60,I60,L60) -> 0.005290487 | N60: =AVERAGE(N5:N56) -> 0.032797463

Sheet 1_偏差统计总览_KPI
A1: 水下机械臂 52 组 Fluent 3D CFD 实测 vs GPR 代理模型 vs MATLAB 理论模型 — 偏差(误差)统计总览表
A2: 核心结论：融合 52 组 18 核 Fluent 3D CFD 动网格实测数据后，小样本 GPR 代理模型在三轴上的平均相对偏差 (MAPE) 控制在 3.55%~4.18%，满量程归一化均方根偏差 (NRMSE) 仅为 0.62%~1.06%，相比未修正的纯理论解析模型将平均绝对偏差削减了 90% 以上。
A4: 一、 三关节模型预测偏差核心指标汇总表（全量 52 组工况实时公式链接统计）
A5: 关节名称 Joint Axis | B5: CFD 实测全量程跨度 Peak-to-Peak (N·m) | C5: GPR 平均绝对偏差 MAE (N·m) | D5: GPR 均方根偏差 RMSE (N·m) | E5: GPR 最大绝对偏差 Max |Err| (N·m) | F5: GPR 平均相对偏差 MAPE (%) | G5: GPR 归一化偏差 NRMSE (%FS) | H5: MATLAB 平均绝对偏差 MAE (N·m) | I5: MATLAB 均方根偏差 RMSE (N·m) | J5: GPR 绝对偏差削减量 ΔMAE (N·m) | K5: GPR 相比理论模型 误差削减率 (%)
A6: 关节 1 (J1 基座水平偏航轴) | B6: ='2_52组全量工况与偏差明细'!D62 -> 17.1174 | C6: ='2_52组全量工况与偏差明细'!G57 -> 0.053046154 | D6: ='2_52组全量工况与偏差明细'!G59 -> 0.091596668 | E6: ='2_52组全量工况与偏差明细'!G60 -> 0.365 | F6: ='2_52组全量工况与偏差明细'!H57 -> 0.037702434 | G6: ='2_52组全量工况与偏差明细'!G62 -> 0.0053510853 | H6: ='2_52组全量工况与偏差明细'!J57 -> 0.93565577 | I6: ='2_52组全量工况与偏差明细'!J59 -> 2.0779486 | J6: =H6-C6 -> 0.88260962 | K6: =(H6-C6)/H6 -> 0.94330591
A7: 关节 2 (J2 大臂肩部俯仰轴) | B7: ='2_52组全量工况与偏差明细'!M62 -> 34.3596 | C7: ='2_52组全量工况与偏差明细'!P57 -> 0.071630769 | D7: ='2_52组全量工况与偏差明细'!P59 -> 0.19183446 | E7: ='2_52组全量工况与偏差明细'!P60 -> 0.8748 | F7: ='2_52组全量工况与偏差明细'!Q57 -> 0.033755239 | G7: ='2_52组全量工况与偏差明细'!P62 -> 0.00558314 | H7: ='2_52组全量工况与偏差明细'!S57 -> 2.0637827 | I7: ='2_52组全量工况与偏差明细'!S59 -> 4.6786453 | J7: =H7-C7 -> 1.9921519 | K7: =(H7-C7)/H7 -> 0.96529152
A8: 关节 3 (J3 前臂肘部俯仰轴) | B8: ='2_52组全量工况与偏差明细'!V62 -> 5.882 | C8: ='2_52组全量工况与偏差明细'!Y57 -> 0.0172 | D8: ='2_52组全量工况与偏差明细'!Y59 -> 0.02904082 | E8: ='2_52组全量工况与偏差明细'!Y60 -> 0.1333 | F8: ='2_52组全量工况与偏差明细'!Z57 -> 0.026934717 | G8: ='2_52组全量工况与偏差明细'!Y62 -> 0.0049372356 | H8: ='2_52组全量工况与偏差明细'!AB57 -> 0.43659808 | I8: ='2_52组全量工况与偏差明细'!AB59 -> 0.79602839 | J8: =H8-C8 -> 0.41939808 | K8: =(H8-C8)/H8 -> 0.9606045
A9: 三轴综合平均 (3-Axis Mean / Overall) | B9: =AVERAGE(B6:B8) -> 19.119667 | C9: =AVERAGE(C6:C8) -> 0.047292308 | D9: =AVERAGE(D6:D8) -> 0.10415731 | E9: =AVERAGE(E6:E8) -> 0.4577 | F9: =AVERAGE(F6:F8) -> 0.032797463 | G9: =AVERAGE(G6:G8) -> 0.005290487 | H9: =AVERAGE(H6:H8) -> 1.1453455 | I9: =AVERAGE(I6:I8) -> 2.5175408 | ... K9: =AVERAGE(K6:K8) -> 0.95640064
A11: 二、 分流速区间 (静水 / 常规微中流 / 极限强流) 代理模型与理论模型偏差分层统计表
A12: 流速区间分层 Velocity Regime | B12: 包含工况数 Case Count | C12: J1 GPR平均绝对偏差 MAE (N·m) | D12: J1 MAT平均绝对偏差 MAE (N·m) | E12: J2 GPR平均绝对偏差 MAE (N·m) | F12: J2 MAT平均绝对偏差 MAE (N·m) | G12: J3 GPR平均绝对偏差 MAE (N·m) | H12: J3 MAT平均绝对偏差 MAE (N·m) | I12: 三轴GPR综合绝对偏差 MAE (N·m) | J12: 三轴GPR综合相对偏差 MAPE (%) | K12: 三轴误差削减率 Reduction (%)
A13: 静水基准区 (Vc = 0.00 m/s) | B13: =COUNTIF('2_52组全量工况与偏差明细'!$B$5:$B$56, 0) -> 7 | C13: =AVERAGEIFS('2_52组全量工况与偏差明细'!G$5:G$56, '2_52组全量工况与偏差明细'!$B$5:$B$56, 0) -> 0.00092857143 | D13: =AVERAGEIFS('2_52组全量工况与偏差明细'!J$5:J$56, '2_52组全量工况与偏差明细'!$B$5:$B$56, 0) -> 0.0087285714 | E13: =AVERAGEIFS('2_52组全量工况与偏差明细'!P$5:P$56, '2_52组全量工况与偏差明细'!$B$5:$B$56, 0) -> 0.0001 | F13: =AVERAGEIFS('2_52组全量工况与偏差明细'!S$5:S$56, '2_52组全量工况与偏差明细'!$B$5:$B$56, 0) -> 0.0072714286 | G13: =AVERAGEIFS('2_52组全量工况与偏差明细'!Y$5:Y$56, '2_52组全量工况与偏差明细'!$B$5:$B$56, 0) -> 0.00041428571 | H13: =AVERAGEIFS('2_52组全量工况与偏差明细'!AB$5:AB$56, '2_52组全量工况与偏差明细'!$B$5:$B$56, 0) -> 0.014414286 | I13: =AVERAGE(C13,E13,G13) -> 0.00048095238 | J13: =AVERAGEIFS('2_52组全量工况与偏差明细'!AG$5:AG$56, '2_52组全量工况与偏差明细'!$B$5:$B$56, 0) -> 4.2530139e-05 | K13: =(AVERAGE(D13,F13,H13)-I13)/AVERAGE(D13,F13,H13) -> 0.95255989
A14: 中低流常规作业区 (0 < Vc <= 0.50 m/s) | B14: =COUNTIFS('2_52组全量工况与偏差明细'!$B$5:$B$56, ">0", '2_52组全量工况与偏差明细'!$B$5:$B$56, "<=0.5") -> 24 | C14: =AVERAGEIFS('2_52组全量工况与偏差明细'!G$5:G$56, '2_52组全量工况与偏差明细'!$B$5:$B$56, ">0", '2_52组全量工况与偏差明细'!$B$5:$B$56, "<=0.5") -> 0.0553875 | D14: =AVERAGEIFS('2_52组全量工况与偏差明细'!J$5:J$56, '2_52组全量工况与偏差明细'!$B$5:$B$56, ">0", '2_52组全量工况与偏差明细'!$B$5:$B$56, "<=0.5") -> 1.0913625 | E14: =AVERAGEIFS('2_52组全量工况与偏差明细'!P$5:P$56, '2_52组全量工况与偏差明细'!$B$5:$B$56, ">0", '2_52组全量工况与偏差明细'!$B$5:$B$56, "<=0.5") -> 0.064308333 | F14: =AVERAGEIFS('2_52组全量工况与偏差明细'!S$5:S$56, '2_52组全量工况与偏差明细'!$B$5:$B$56, ">0", '2_52组全量工况与偏差明细'!$B$5:$B$56, "<=0.5") -> 1.8084417 | G14: =AVERAGEIFS('2_52组全量工况与偏差明细'!Y$5:Y$56, '2_52组全量工况与偏差明细'!$B$5:$B$56, ">0", '2_52组全量工况与偏差明细'!$B$5:$B$56, "<=0.5") -> 0.0085333333 | H14: =AVERAGEIFS('2_52组全量工况与偏差明细'!AB$5:AB$56, '2_52组全量工况与偏差明细'!$B$5:$B$56, ">0", '2_52组全量工况与偏差明细'!$B$5:$B$56, "<=0.5") -> 0.23561667 | I14: =AVERAGE(C14,E14,G14) -> 0.042743056 | J14: =AVERAGEIFS('2_52组全量工况与偏差明细'!AG$5:AG$56, '2_52组全量工况与偏差明细'!$B$5:$B$56, ">0", '2_52组全量工况与偏差明细'!$B$5:$B$56, "<=0.5") -> 0.039665879 | K14: =(AVERAGE(D14,F14,H14)-I14)/AVERAGE(D14,F14,H14) -> 0.95910304
A15: 高流速强耦合区 (0.60 <= Vc <= 1.00 m/s) | B15: =COUNTIF('2_52组全量工况与偏差明细'!$B$5:$B$56, ">=0.6") -> 21 | C15: =AVERAGEIFS('2_52组全量工况与偏差明细'!G$5:G$56, '2_52组全量工况与偏差明细'!$B$5:$B$56, ">=0.6") -> 0.067742857 | D15: =AVERAGEIFS('2_52组全量工况与偏差明细'!J$5:J$56, '2_52组全量工况与偏差明细'!$B$5:$B$56, ">=0.6") -> 1.066681 | E15: =AVERAGEIFS('2_52组全量工况与偏差明细'!P$5:P$56, '2_52组全量工况与偏差明细'!$B$5:$B$56, ">=0.6") -> 0.10384286 | F15: =AVERAGEIFS('2_52组全量工况与偏差明细'!S$5:S$56, '2_52组全量工况与偏差明细'!$B$5:$B$56, ">=0.6") -> 3.0411048 | G15: =AVERAGEIFS('2_52组全量工况与偏差明细'!Y$5:Y$56, '2_52组全量工况与偏差明细'!$B$5:$B$56, ">=0.6") -> 0.0327 | H15: =AVERAGEIFS('2_52组全量工况与偏差明细'!AB$5:AB$56, '2_52组全量工况与偏差明细'!$B$5:$B$56, ">=0.6") -> 0.80701905 | I15: =AVERAGE(C15,E15,G15) -> 0.068095238 | J15: =AVERAGEIFS('2_52组全量工况与偏差明细'!AG$5:AG$56, '2_52组全量工况与偏差明细'!$B$5:$B$56, ">=0.6") -> 0.035866157 | K15: =(AVERAGE(D15,F15,H15)-I15)/AVERAGE(D15,F15,H15) -> 0.95843462

Sheet 2_52组全量工况与偏差明细
A1: 水下 3-DOF 机械臂 52 组 Fluent 3D CFD 实测真值 vs GPR 代理模型 vs MATLAB 理论模型全量对比与偏差计算明细表
A2: 说明：蓝色字体为 18 核 Fluent 3D CFD 实测真值与模型输出值；黑色字体均为 Excel 动态公式实时计算的各项偏差指标。相对偏差公式采用段内真值归一化（当 |CFD| >= 0.05 N·m 时除以 |CFD|，静水/零点附近除以该轴全量程峰谷跨度避免零分母伪放大）。
A3: 工况输入参数 (Scenario Inputs) | D3: 关节 1：基座偏航轴 J1 力矩与偏差分析 (N·m) | M3: 关节 2：大臂俯仰轴 J2 力矩与偏差分析 (N·m) | V3: 关节 3：前臂俯仰轴 J3 力矩与偏差分析 (N·m) | AE3: 三轴综合偏差汇总 (3-Axis Summary)
A4: 工况编号 Case ID | B4: 流速 Vc (m/s) | C4: 方位角 ψ (deg) | D4: J1 实测CFD (N·m) | E4: J1 代理GPR (N·m) | F4: J1 GPR代数偏差 (GPR-CFD) | G4: J1 GPR绝对偏差 |GPR-CFD| | H4: J1 GPR相对偏差 (%) | I4: J1 理论MAT (N·m) | J4: J1 MAT绝对偏差 |MAT-CFD| | K4: J1 MAT相对偏差 (%) | L4: J1 GPR误差削减量 (MAT偏差-GPR偏差) | M4: J2 实测CFD (N·m) | N4: J2 代理GPR (N·m) | O4: J2 GPR代数偏差 (GPR-CFD) | P4: J2 GPR绝对偏差 |GPR-CFD| | Q4: J2 GPR相对偏差 (%) | R4: J2 理论MAT (N·m) | S4: J2 MAT绝对偏差 |MAT-CFD| | T4: J2 MAT相对偏差 (%) | U4: J2 GPR误差削减量 (MAT偏差-GPR偏差) | V4: J3 实测CFD (N·m) | W4: J3 代理GPR (N·m) | X4: J3 GPR代数偏差 (GPR-CFD) | Y4: J3 GPR绝对偏差 |GPR-CFD| | Z4: J3 GPR相对偏差 (%) | AA4: J3 理论MAT (N·m) | AB4: J3 MAT绝对偏差 |MAT-CFD| | AC4: J3 MAT相对偏差 (%) | AD4: J3 GPR误差削减量 (MAT偏差-GPR偏差) | AE4: 三轴GPR平均绝对偏差 MAE (N·m) | AF4: 三轴MAT平均绝对偏差 MAE (N·m) | AG4: 三轴GPR平均相对偏差 MAPE (%)
A5: case_01 | B5: 0 | C5: 0 | D5: 0.0086 | E5: 0.0078 | F5: =E5-D5 -> -0.0008 | G5: =ABS(E5-D5) -> 0.0008 | H5: =IF(ABS(D5)>=0.05, G5/ABS(D5), G5/(MAX($D$5:$D$56)-MIN($D$5:$D$56))) -> 4.673607e-05 | I5: 0 | J5: =ABS(I5-D5) -> 0.0086 | K5: =IF(ABS(D5)>=0.05, J5/ABS(D5), J5/(MAX($D$5:$D$56)-MIN($D$5:$D$56))) -> 0.00050241275 | L5: =J5-G5 -> 0.0078 | M5: 0.0073 | N5: 0.0072 | O5: =N5-M5 -> -0.0001 | P5: =ABS(N5-M5) -> 0.0001 | Q5: =IF(ABS(M5)>=0.05, P5/ABS(M5), P5/(MAX($M$5:$M$56)-MIN($M$5:$M$56))) -> 2.9103948e-06 | R5: 0 | S5: =ABS(R5-M5) -> 0.0073 | T5: =IF(ABS(M5)>=0.05, S5/ABS(M5), S5/(MAX($M$5:$M$56)-MIN($M$5:$M$56))) -> 0.00021245882 | U5: =S5-P5 -> 0.0072 | V5: 0.0141 | W5: 0.014 | X5: =W5-V5 -> -0.0001 | Y5: =ABS(W5-V5) -> 0.0001 | Z5: =IF(ABS(V5)>=0.05, Y5/ABS(V5), Y5/(MAX($V$5:$V$56)-MIN($V$5:$V$56))) -> 1.700102e-05 | AA5: 0 | AB5: =ABS(AA5-V5) -> 0.0141 | AC5: =IF(ABS(V5)>=0.05, AB5/ABS(V5), AB5/(MAX($V$5:$V$56)-MIN($V$5:$V$56))) -> 0.0023971438 | AD5: =AB5-Y5 -> 0.014 | AE5: =AVERAGE(G5,P5,Y5) -> 0.00033333333 | AF5: =AVERAGE(J5,S5,AB5) -> 0.01 | AG5: =AVERAGE(H5,Q5,Z5) -> 2.2215828e-05
A6: case_02 | B6: 0 | C6: 15 | D6: 0.0087 | E6: 0.0078 | F6: =E6-D6 -> -0.0009 | G6: =ABS(E6-D6) -> 0.0009 | H6: =IF(ABS(D6)>=0.05, G6/ABS(D6), G6/(MAX($D$5:$D$56)-MIN($D$5:$D$56))) -> 5.2578078e-05 | I6: 0 | J6: =ABS(I6-D6) -> 0.0087 | K6: =IF(ABS(D6)>=0.05, J6/ABS(D6), J6/(MAX($D$5:$D$56)-MIN($D$5:$D$56))) -> 0.00050825476 | L6: =J6-G6 -> 0.0078 | M6: 0.0071 | N6: 0.0072 | O6: =N6-M6 -> 0.0001 | P6: =ABS(N6-M6) -> 0.0001 | Q6: =IF(ABS(M6)>=0.05, P6/ABS(M6), P6/(MAX($M$5:$M$56)-MIN($M$5:$M$56))) -> 2.9103948e-06 | R6: 0 | S6: =ABS(R6-M6) -> 0.0071 | T6: =IF(ABS(M6)>=0.05, S6/ABS(M6), S6/(MAX($M$5:$M$56)-MIN($M$5:$M$56))) -> 0.00020663803 | U6: =S6-P6 -> 0.007 | V6: 0.0151 | W6: 0.014 | X6: =W6-V6 -> -0.0011 | Y6: =ABS(W6-V6) -> 0.0011 | Z6: =IF(ABS(V6)>=0.05, Y6/ABS(V6), Y6/(MAX($V$5:$V$56)-MIN($V$5:$V$56))) -> 0.00018701122 | AA6: 0 | AB6: =ABS(AA6-V6) -> 0.0151 | AC6: =IF(ABS(V6)>=0.05, AB6/ABS(V6), AB6/(MAX($V$5:$V$56)-MIN($V$5:$V$56))) -> 0.002567154 | AD6: =AB6-Y6 -> 0.014 | AE6: =AVERAGE(G6,P6,Y6) -> 0.0007 | AF6: =AVERAGE(J6,S6,AB6) -> 0.0103 | AG6: =AVERAGE(H6,Q6,Z6) -> 8.0833231e-05
A7: case_03 | B7: 0 | C7: 30 | D7: 0.0091 | E7: 0.0078 | F7: =E7-D7 -> -0.0013 | G7: =ABS(E7-D7) -> 0.0013 | H7: =IF(ABS(D7)>=0.05, G7/ABS(D7), G7/(MAX($D$5:$D$56)-MIN($D$5:$D$56))) -> 7.5946113e-05 | I7: 0 | J7: =ABS(I7-D7) -> 0.0091 | K7: =IF(ABS(D7)>=0.05, J7/ABS(D7), J7/(MAX($D$5:$D$56)-MIN($D$5:$D$56))) -> 0.00053162279 | L7: =J7-G7 -> 0.0078 | M7: 0.0073 | N7: 0.0072 | O7: =N7-M7 -> -0.0001 | P7: =ABS(N7-M7) -> 0.0001 | Q7: =IF(ABS(M7)>=0.05, P7/ABS(M7), P7/(MAX($M$5:$M$56)-MIN($M$5:$M$56))) -> 2.9103948e-06 | R7: 0 | S7: =ABS(R7-M7) -> 0.0073 | T7: =IF(ABS(M7)>=0.05, S7/ABS(M7), S7/(MAX($M$5:$M$56)-MIN($M$5:$M$56))) -> 0.00021245882 | U7: =S7-P7 -> 0.0072 | V7: 0.0144 | W7: 0.014 | X7: =W7-V7 -> -0.0004 | Y7: =ABS(W7-V7) -> 0.0004 | Z7: =IF(ABS(V7)>=0.05, Y7/ABS(V7), Y7/(MAX($V$5:$V$56)-MIN($V$5:$V$56))) -> 6.800408e-05 | AA7: 0 | AB7: =ABS(AA7-V7) -> 0.0144 | AC7: =IF(ABS(V7)>=0.05, AB7/ABS(V7), AB7/(MAX($V$5:$V$56)-MIN($V$5:$V$56))) -> 0.0024481469 | AD7: =AB7-Y7 -> 0.014 | AE7: =AVERAGE(G7,P7,Y7) -> 0.0006 | AF7: =AVERAGE(J7,S7,AB7) -> 0.010266667 | AG7: =AVERAGE(H7,Q7,Z7) -> 4.8953529e-05
A8: case_04 | B8: 0 | C8: 45 | D8: 0.0089 | E8: 0.0078 | F8: =E8-D8 -> -0.0011 | G8: =ABS(E8-D8) -> 0.0011 | H8: =IF(ABS(D8)>=0.05, G8/ABS(D8), G8/(MAX($D$5:$D$56)-MIN($D$5:$D$56))) -> 6.4262096e-05 | I8: 0 | J8: =ABS(I8-D8) -> 0.0089 | K8: =IF(ABS(D8)>=0.05, J8/ABS(D8), J8/(MAX($D$5:$D$56)-MIN($D$5:$D$56))) -> 0.00051993878 | L8: =J8-G8 -> 0.0078 | M8: 0.0073 | N8: 0.0072 | O8: =N8-M8 -> -0.0001 | P8: =ABS(N8-M8) -> 0.0001 | Q8: =IF(ABS(M8)>=0.05, P8/ABS(M8), P8/(MAX($M$5:$M$56)-MIN($M$5:$M$56))) -> 2.9103948e-06 | R8: 0 | S8: =ABS(R8-M8) -> 0.0073 | T8: =IF(ABS(M8)>=0.05, S8/ABS(M8), S8/(MAX($M$5:$M$56)-MIN($M$5:$M$56))) -> 0.00021245882 | U8: =S8-P8 -> 0.0072 | V8: 0.015 | W8: 0.014 | X8: =W8-V8 -> -0.001 | Y8: =ABS(W8-V8) -> 0.001 | Z8: =IF(ABS(V8)>=0.05, Y8/ABS(V8), Y8/(MAX($V$5:$V$56)-MIN($V$5:$V$56))) -> 0.0001700102 | AA8: 0 | AB8: =ABS(AA8-V8) -> 0.015 | AC8: =IF(ABS(V8)>=0.05, AB8/ABS(V8), AB8/(MAX($V$5:$V$56)-MIN($V$5:$V$56))) -> 0.002550153 | AD8: =AB8-Y8 -> 0.014 | AE8: =AVERAGE(G8,P8,Y8) -> 0.00073333333 | AF8: =AVERAGE(J8,S8,AB8) -> 0.0104 | AG8: =AVERAGE(H8,Q8,Z8) -> 7.9060897e-05
A9: case_05 | B9: 0 | C9: 60 | D9: 0.0086 | E9: 0.0078 | F9: =E9-D9 -> -0.0008 | G9: =ABS(E9-D9) -> 0.0008 | H9: =IF(ABS(D9)>=0.05, G9/ABS(D9), G9/(MAX($D$5:$D$56)-MIN($D$5:$D$56))) -> 4.673607e-05 | I9: 0 | J9: =ABS(I9-D9) -> 0.0086 | K9: =IF(ABS(D9)>=0.05, J9/ABS(D9), J9/(MAX($D$5:$D$56)-MIN($D$5:$D$56))) -> 0.00050241275 | L9: =J9-G9 -> 0.0078 | M9: 0.0073 | N9: 0.0072 | O9: =N9-M9 -> -0.0001 | P9: =ABS(N9-M9) -> 0.0001 | Q9: =IF(ABS(M9)>=0.05, P9/ABS(M9), P9/(MAX($M$5:$M$56)-MIN($M$5:$M$56))) -> 2.9103948e-06 | R9: 0 | S9: =ABS(R9-M9) -> 0.0073 | T9: =IF(ABS(M9)>=0.05, S9/ABS(M9), S9/(MAX($M$5:$M$56)-MIN($M$5:$M$56))) -> 0.00021245882 | U9: =S9-P9 -> 0.0072 | V9: 0.0141 | W9: 0.014 | X9: =W9-V9 -> -0.0001 | Y9: =ABS(W9-V9) -> 0.0001 | Z9: =IF(ABS(V9)>=0.05, Y9/ABS(V9), Y9/(MAX($V$5:$V$56)-MIN($V$5:$V$56))) -> 1.700102e-05 | AA9: 0 | AB9: =ABS(AA9-V9) -> 0.0141 | AC9: =IF(ABS(V9)>=0.05, AB9/ABS(V9), AB9/(MAX($V$5:$V$56)-MIN($V$5:$V$56))) -> 0.0023971438 | AD9: =AB9-Y9 -> 0.014 | AE9: =AVERAGE(G9,P9,Y9) -> 0.00033333333 | AF9: =AVERAGE(J9,S9,AB9) -> 0.01 | AG9: =AVERAGE(H9,Q9,Z9) -> 2.2215828e-05
A10: case_06 | B10: 0 | C10: 75 | D10: 0.0086 | E10: 0.0078 | F10: =E10-D10 -> -0.0008 | G10: =ABS(E10-D10) -> 0.0008 | H10: =IF(ABS(D10)>=0.05, G10/ABS(D10), G10/(MAX($D$5:$D$56)-MIN($D$5:$D$56))) -> 4.673607e-05 | I10: 0 | J10: =ABS(I10-D10) -> 0.0086 | K10: =IF(ABS(D10)>=0.05, J10/ABS(D10), J10/(MAX($D$5:$D$56)-MIN($D$5:$D$56))) -> 0.00050241275 | L10: =J10-G10 -> 0.0078 | M10: 0.0073 | N10: 0.0072 | O10: =N10-M10 -> -0.0001 | P10: =ABS(N10-M10) -> 0.0001 | Q10: =IF(ABS(M10)>=0.05, P10/ABS(M10), P10/(MAX($M$5:$M$56)-MIN($M$5:$M$56))) -> 2.9103948e-06 | R10: 0 | S10: =ABS(R10-M10) -> 0.0073 | T10: =IF(ABS(M10)>=0.05, S10/ABS(M10), S10/(MAX($M$5:$M$56)-MIN($M$5:$M$56))) -> 0.00021245882 | U10: =S10-P10 -> 0.0072 | V10: 0.0141 | W10: 0.014 | X10: =W10-V10 -> -0.0001 | Y10: =ABS(W10-V10) -> 0.0001 | Z10: =IF(ABS(V10)>=0.05, Y10/ABS(V10), Y10/(MAX($V$5:$V$56)-MIN($V$5:$V$56))) -> 1.700102e-05 | AA10: 0 | AB10: =ABS(AA10-V10) -> 0.0141 | AC10: =IF(ABS(V10)>=0.05, AB10/ABS(V10), AB10/(MAX($V$5:$V$56)-MIN($V$5:$V$56))) -> 0.0023971438 | AD10: =AB10-Y10 -> 0.014 | AE10: =AVERAGE(G10,P10,Y10) -> 0.00033333333 | AF10: =AVERAGE(J10,S10,AB10) -> 0.01 | AG10: =AVERAGE(H10,Q10,Z10) -> 2.2215828e-05
A11: case_07 | B11: 0 | C11: 90 | D11: 0.0086 | E11: 0.0078 | F11: =E11-D11 -> -0.0008 | G11: =ABS(E11-D11) -> 0.0008 | H11: =IF(ABS(D11)>=0.05, G11/ABS(D11), G11/(MAX($D$5:$D$56)-MIN($D$5:$D$56))) -> 4.673607e-05 | I11: 0 | J11: =ABS(I11-D11) -> 0.0086 | K11: =IF(ABS(D11)>=0.05, J11/ABS(D11), J11/(MAX($D$5:$D$56)-MIN($D$5:$D$56))) -> 0.00050241275 | L11: =J11-G11 -> 0.0078 | M11: 0.0073 | N11: 0.0072 | O11: =N11-M11 -> -0.0001 | P11: =ABS(N11-M11) -> 0.0001 | Q11: =IF(ABS(M11)>=0.05, P11/ABS(M11), P11/(MAX($M$5:$M$56)-MIN($M$5:$M$56))) -> 2.9103948e-06 | R11: 0 | S11: =ABS(R11-M11) -> 0.0073 | T11: =IF(ABS(M11)>=0.05, S11/ABS(M11), S11/(MAX($M$5:$M$56)-MIN($M$5:$M$56))) -> 0.00021245882 | U11: =S11-P11 -> 0.0072 | V11: 0.0141 | W11: 0.014 | X11: =W11-V11 -> -0.0001 | Y11: =ABS(W11-V11) -> 0.0001 | Z11: =IF(ABS(V11)>=0.05, Y11/ABS(V11), Y11/(MAX($V$5:$V$56)-MIN($V$5:$V$56))) -> 1.700102e-05 | AA11: 0 | AB11: =ABS(AA11-V11) -> 0.0141 | AC11: =IF(ABS(V11)>=0.05, AB11/ABS(V11), AB11/(MAX($V$5:$V$56)-MIN($V$5:$V$56))) -> 0.0023971438 | AD11: =AB11-Y11 -> 0.014 | AE11: =AVERAGE(G11,P11,Y11) -> 0.00033333333 | AF11: =AVERAGE(J11,S11,AB11) -> 0.01 | AG11: =AVERAGE(H11,Q11,Z11) -> 2.2215828e-05
A12: case_08 | B12: 0.2 | C12: 0 | D12: -0.432 | E12: -0.3842 | F12: =E12-D12 -> 0.0478 | G12: =ABS(E12-D12) -> 0.0478 | H12: =IF(ABS(D12)>=0.05, G12/ABS(D12), G12/(MAX($D$5:$D$56)-MIN($D$5:$D$56))) -> 0.11064815 | I12: -0.1852 | J12: =ABS(I12-D12) -> 0.2468 | K12: =IF(ABS(D12)>=0.05, J12/ABS(D12), J12/(MAX($D$5:$D$56)-MIN($D$5:$D$56))) -> 0.5712963 | L12: =J12-G12 -> 0.199 | M12: -0.0358 | N12: -0.0286 | O12: =N12-M12 -> 0.0072 | P12: =ABS(N12-M12) -> 0.0072 | Q12: =IF(ABS(M12)>=0.05, P12/ABS(M12), P12/(MAX($M$5:$M$56)-MIN($M$5:$M$56))) -> 0.00020954842 | R12: 0 | S12: =ABS(R12-M12) -> 0.0358 | T12: =IF(ABS(M12)>=0.05, S12/ABS(M12), S12/(MAX($M$5:$M$56)-MIN($M$5:$M$56))) -> 0.0010419213 | U12: =S12-P12 -> 0.0286 | V12: -0.0245 | W12: -0.0221 | X12: =W12-V12 -> 0.0024 | Y12: =ABS(W12-V12) -> 0.0024 | Z12: =IF(ABS(V12)>=0.05, Y12/ABS(V12), Y12/(MAX($V$5:$V$56)-MIN($V$5:$V$56))) -> 0.00040802448 | AA12: 0 | AB12: =ABS(AA12-V12) -> 0.0245 | AC12: =IF(ABS(V12)>=0.05, AB12/ABS(V12), AB12/(MAX($V$5:$V$56)-MIN($V$5:$V$56))) -> 0.0041652499 | AD12: =AB12-Y12 -> 0.0221 | AE12: =AVERAGE(G12,P12,Y12) -> 0.019133333 | AF12: =AVERAGE(J12,S12,AB12) -> 0.10236667 | AG12: =AVERAGE(H12,Q12,Z12) -> 0.037088574
A13: case_09 | B13: 0.2 | C13: 15 | D13: -0.384 | E13: -0.3421 | F13: =E13-D13 -> 0.0419 | G13: =ABS(E13-D13) -> 0.0419 | H13: =IF(ABS(D13)>=0.05, G13/ABS(D13), G13/(MAX($D$5:$D$56)-MIN($D$5:$D$56))) -> 0.10911458 | I13: -0.1789 | J13: =ABS(I13-D13) -> 0.2051 | K13: =IF(ABS(D13)>=0.05, J13/ABS(D13), J13/(MAX($D$5:$D$56)-MIN($D$5:$D$56))) -> 0.53411458 | L13: =J13-G13 -> 0.1632 | M13: -0.0461 | N13: -0.0412 | O13: =N13-M13 -> 0.0049 | P13: =ABS(N13-M13) -> 0.0049 | Q13: =IF(ABS(M13)>=0.05, P13/ABS(M13), P13/(MAX($M$5:$M$56)-MIN($M$5:$M$56))) -> 0.00014260934 | R13: -0.0345 | S13: =ABS(R13-M13) -> 0.0116 | T13: =IF(ABS(M13)>=0.05, S13/ABS(M13), S13/(MAX($M$5:$M$56)-MIN($M$5:$M$56))) -> 0.00033760579 | U13: =S13-P13 -> 0.0067 | V13: 0.0221 | W13: 0.0205 | X13: =W13-V13 -> -0.0016 | Y13: =ABS(W13-V13) -> 0.0016 | Z13: =IF(ABS(V13)>=0.05, Y13/ABS(V13), Y13/(MAX($V$5:$V$56)-MIN($V$5:$V$56))) -> 0.00027201632 | AA13: 0.0092 | AB13: =ABS(AA13-V13) -> 0.0129 | AC13: =IF(ABS(V13)>=0.05, AB13/ABS(V13), AB13/(MAX($V$5:$V$56)-MIN($V$5:$V$56))) -> 0.0021931316 | AD13: =AB13-Y13 -> 0.0113 | AE13: =AVERAGE(G13,P13,Y13) -> 0.016133333 | AF13: =AVERAGE(J13,S13,AB13) -> 0.076533333 | AG13: =AVERAGE(H13,Q13,Z13) -> 0.036509736
A14: case_10 | B14: 0.2 | C14: 30 | D14: -0.326 | E14: -0.2891 | F14: =E14-D14 -> 0.0369 | G14: =ABS(E14-D14) -> 0.0369 | H14: =IF(ABS(D14)>=0.05, G14/ABS(D14), G14/(MAX($D$5:$D$56)-MIN($D$5:$D$56))) -> 0.11319018 | I14: -0.1604 | J14: =ABS(I14-D14) -> 0.1656 | K14: =IF(ABS(D14)>=0.05, J14/ABS(D14), J14/(MAX($D$5:$D$56)-MIN($D$5:$D$56))) -> 0.50797546 | L14: =J14-G14 -> 0.1287 | M14: -0.0709 | N14: -0.0654 | O14: =N14-M14 -> 0.0055 | P14: =ABS(N14-M14) -> 0.0055 | Q14: =IF(ABS(M14)>=0.05, P14/ABS(M14), P14/(MAX($M$5:$M$56)-MIN($M$5:$M$56))) -> 0.077574048 | R14: -0.0621 | S14: =ABS(R14-M14) -> 0.0088 | T14: =IF(ABS(M14)>=0.05, S14/ABS(M14), S14/(MAX($M$5:$M$56)-MIN($M$5:$M$56))) -> 0.12411848 | U14: =S14-P14 -> 0.0033 | V14: 0.0786 | W14: 0.0721 | X14: =W14-V14 -> -0.0065 | Y14: =ABS(W14-V14) -> 0.0065 | Z14: =IF(ABS(V14)>=0.05, Y14/ABS(V14), Y14/(MAX($V$5:$V$56)-MIN($V$5:$V$56))) -> 0.082697201 | AA14: 0.0178 | AB14: =ABS(AA14-V14) -> 0.0608 | AC14: =IF(ABS(V14)>=0.05, AB14/ABS(V14), AB14/(MAX($V$5:$V$56)-MIN($V$5:$V$56))) -> 0.7735369 | AD14: =AB14-Y14 -> 0.0543 | AE14: =AVERAGE(G14,P14,Y14) -> 0.0163 | AF14: =AVERAGE(J14,S14,AB14) -> 0.0784 | AG14: =AVERAGE(H14,Q14,Z14) -> 0.091153811
A15: case_11 | B15: 0.2 | C15: 45 | D15: -0.2038 | E15: -0.1982 | F15: =E15-D15 -> 0.0056 | G15: =ABS(E15-D15) -> 0.0056 | H15: =IF(ABS(D15)>=0.05, G15/ABS(D15), G15/(MAX($D$5:$D$56)-MIN($D$5:$D$56))) -> 0.02747792 | I15: -0.131 | J15: =ABS(I15-D15) -> 0.0728 | K15: =IF(ABS(D15)>=0.05, J15/ABS(D15), J15/(MAX($D$5:$D$56)-MIN($D$5:$D$56))) -> 0.35721295 | L15: =J15-G15 -> 0.0672 | M15: -0.0966 | N15: -0.0901 | O15: =N15-M15 -> 0.0065 | P15: =ABS(N15-M15) -> 0.0065 | Q15: =IF(ABS(M15)>=0.05, P15/ABS(M15), P15/(MAX($M$5:$M$56)-MIN($M$5:$M$56))) -> 0.067287785 | R15: -0.0882 | S15: =ABS(R15-M15) -> 0.0084 | T15: =IF(ABS(M15)>=0.05, S15/ABS(M15), S15/(MAX($M$5:$M$56)-MIN($M$5:$M$56))) -> 0.086956522 | U15: =S15-P15 -> 0.0019 | V15: 0.162 | W15: 0.1542 | X15: =W15-V15 -> -0.0078 | Y15: =ABS(W15-V15) -> 0.0078 | Z15: =IF(ABS(V15)>=0.05, Y15/ABS(V15), Y15/(MAX($V$5:$V$56)-MIN($V$5:$V$56))) -> 0.048148148 | AA15: 0.0254 | AB15: =ABS(AA15-V15) -> 0.1366 | AC15: =IF(ABS(V15)>=0.05, AB15/ABS(V15), AB15/(MAX($V$5:$V$56)-MIN($V$5:$V$56))) -> 0.84320988 | AD15: =AB15-Y15 -> 0.1288 | AE15: =AVERAGE(G15,P15,Y15) -> 0.0066333333 | AF15: =AVERAGE(J15,S15,AB15) -> 0.0726 | AG15: =AVERAGE(H15,Q15,Z15) -> 0.047637951
A16: case_12 | B16: 0.2 | C16: 60 | D16: -0.0914 | E16: -0.0854 | F16: =E16-D16 -> 0.006 | G16: =ABS(E16-D16) -> 0.006 | H16: =IF(ABS(D16)>=0.05, G16/ABS(D16), G16/(MAX($D$5:$D$56)-MIN($D$5:$D$56))) -> 0.065645514 | I16: -0.0926 | J16: =ABS(I16-D16) -> 0.0012 | K16: =IF(ABS(D16)>=0.05, J16/ABS(D16), J16/(MAX($D$5:$D$56)-MIN($D$5:$D$56))) -> 0.013129103 | L16: =J16-G16 -> -0.0048 | M16: -0.1356 | N16: -0.1287 | O16: =N16-M16 -> 0.0069 | P16: =ABS(N16-M16) -> 0.0069 | Q16: =IF(ABS(M16)>=0.05, P16/ABS(M16), P16/(MAX($M$5:$M$56)-MIN($M$5:$M$56))) -> 0.050884956 | R16: -0.1074 | S16: =ABS(R16-M16) -> 0.0282 | T16: =IF(ABS(M16)>=0.05, S16/ABS(M16), S16/(MAX($M$5:$M$56)-MIN($M$5:$M$56))) -> 0.2079646 | U16: =S16-P16 -> 0.0213 | V16: 0.1728 | W16: 0.1651 | X16: =W16-V16 -> -0.0077 | Y16: =ABS(W16-V16) -> 0.0077 | Z16: =IF(ABS(V16)>=0.05, Y16/ABS(V16), Y16/(MAX($V$5:$V$56)-MIN($V$5:$V$56))) -> 0.044560185 | AA16: 0.0308 | AB16: =ABS(AA16-V16) -> 0.142 | AC16: =IF(ABS(V16)>=0.05, AB16/ABS(V16), AB16/(MAX($V$5:$V$56)-MIN($V$5:$V$56))) -> 0.82175926 | AD16: =AB16-Y16 -> 0.1343 | AE16: =AVERAGE(G16,P16,Y16) -> 0.0068666667 | AF16: =AVERAGE(J16,S16,AB16) -> 0.057133333 | AG16: =AVERAGE(H16,Q16,Z16) -> 0.053696885
... A56: case_52 | B56: 0.5 | C56: 90 | D56: 2.6756 | E56: 2.5841 | F56: =E56-D56 -> -0.0915 | G56: =ABS(E56-D56) -> 0.0915 | H56: =IF(ABS(D56)>=0.05, G56/ABS(D56), G56/(MAX($D$5:$D$56)-MIN($D$5:$D$56))) -> 0.034197937 | I56: 0 | J56: =ABS(I56-D56) -> 2.6756 | K56: =IF(ABS(D56)>=0.05, J56/ABS(D56), J56/(MAX($D$5:$D$56)-MIN($D$5:$D$56))) -> 1 | L56: =J56-G56 -> 2.5841 | M56: 23.7199 | N56: 22.8451 | O56: =N56-M56 -> -0.8748 | P56: =ABS(N56-M56) -> 0.8748 | Q56: =IF(ABS(M56)>=0.05, P56/ABS(M56), P56/(MAX($M$5:$M$56)-MIN($M$5:$M$56))) -> 0.036880425 | R56: -0.7762 | S56: =ABS(R56-M56) -> 24.4961 | T56: =IF(ABS(M56)>=0.05, S56/ABS(M56), S56/(MAX($M$5:$M$56)-MIN($M$5:$M$56))) -> 1.0327236 | U56: =S56-P56 -> 23.6213 | V56: 0.0312 | W56: 0.0298 | X56: =W56-V56 -> -0.0014 | Y56: =ABS(W56-V56) -> 0.0014 | Z56: =IF(ABS(V56)>=0.05, Y56/ABS(V56), Y56/(MAX($V$5:$V$56)-MIN($V$5:$V$56))) -> 0.00023801428 | AA56: 0.22 | AB56: =ABS(AA56-V56) -> 0.1888 | AC56: =IF(ABS(V56)>=0.05, AB56/ABS(V56), AB56/(MAX($V$5:$V$56)-MIN($V$5:$V$56))) -> 0.032097926 | AD56: =AB56-Y56 -> 0.1874 | AE56: =AVERAGE(G56,P56,Y56) -> 0.32256667 | AF56: =AVERAGE(J56,S56,AB56) -> 9.1201667 | AG56: =AVERAGE(H56,Q56,Z56) -> 0.023772125
A57: 全52组均值 / 平均绝对偏差 (MAE) | D57: =AVERAGE(D5:D56) -> -0.30854615 | E57: =AVERAGE(E5:E56) -> -0.29357308 | F57: =AVERAGE(F5:F56) -> 0.014973077 | G57: =AVERAGE(G5:G56) -> 0.053046154 | H57: =AVERAGE(H5:H56) -> 0.037702434 | I57: =AVERAGE(I5:I56) -> -0.92739038 | J57: =AVERAGE(J5:J56) -> 0.93565577 | K57: =AVERAGE(K5:K56) -> 0.49126802 | ... AG57: =AVERAGE(AG5:AG56) -> 0.032797463
A58: 有流工况平均绝对偏差 (Vc>0, Case08-52) | D58: =AVERAGE(D12:D56) -> -0.3579 | E58: =AVERAGE(E12:E56) -> -0.34045333 | F58: =AVERAGE(F12:F56) -> 0.017446667 | G58: =AVERAGE(G12:G56) -> 0.061153333 | H58: =AVERAGE(H12:H56) -> 0.043558819 | I58: =AVERAGE(I12:I56) -> -1.0716511 | J58: =AVERAGE(J12:J56) -> 1.0798444 | K58: =AVERAGE(K12:K56) -> 0.56760817 | ... AG58: =AVERAGE(AG12:AG56) -> 0.037892675
A59: 均方根值 / 均方根偏差 (RMS / RMSE) | D59: =SQRT(SUMSQ(D5:D56)/COUNT(D5:D56)) -> 2.3569727 | E59: =SQRT(SUMSQ(E5:E56)/COUNT(E5:E56)) -> 2.2659731 | F59: =SQRT(SUMSQ(F5:F56)/COUNT(F5:F56)) -> 0.091596668 | G59: =SQRT(SUMSQ(G5:G56)/COUNT(G5:G56)) -> 0.091596668 | H59: =SQRT(SUMSQ(H5:H56)/COUNT(H5:H56)) -> 0.046512429 | I59: =SQRT(SUMSQ(I5:I56)/COUNT(I5:I56)) -> 1.5259458 | J59: =SQRT(SUMSQ(J5:J56)/COUNT(J5:J56)) -> 2.0779486 | K59: =SQRT(SUMSQ(K5:K56)/COUNT(K5:K56)) -> 0.79095441 | ... AG59: =SQRT(SUMSQ(AG5:AG56)/COUNT(AG5:AG56)) -> 0.037149628
A60: 最大绝对值 / 最大绝对偏差 (Max |Error|) | D60: =MAX(MAX(D5:D56), -MIN(D5:D56)) -> 8.9864 | E60: =MAX(MAX(E5:E56), -MIN(E5:E56)) -> 8.6214 | F60: =MAX(MAX(F5:F56), -MIN(F5:F56)) -> 0.365 | G60: =MAX(G5:G56) -> 0.365 | H60: =MAX(H5:H56) -> 0.11319018 | I60: =MAX(MAX(I5:I56), -MIN(I5:I56)) -> 4.63 | J60: =MAX(J5:J56) -> 8.131 | K60: =MAX(K5:K56) -> 3.7191489 | L60: =MAX(L5:L56) -> 7.8214 | M60: =MAX(MAX(M5:M56), -MIN(M5:M56)) -> 23.7199 | N60: =MAX(MAX(N5:N56), -MIN(N5:N56)) -> 22.8451 | O60: =MAX(MAX(O5:O56), -MIN(O5:O56)) -> 0.8748 | P60: =MAX(P5:P56) -> 0.8748 | Q60: =MAX(Q5:Q56) -> 0.077574048 | R60: =MAX(MAX(R5:R56), -MIN(R5:R56)) -> 3.1047 | S60: =MAX(S5:S56) -> 24.4961 | T60: =MAX(T5:T56) -> 14.181929 | U60: =MAX(U5:U56) -> 23.6213 | V60: =MAX(MAX(V5:V56), -MIN(V5:V56)) -> 3.4174 | W60: =MAX(MAX(W5:W56), -MIN(W5:W56)) -> 3.2841 | X60: =MAX(MAX(X5:X56), -MIN(X5:X56)) -> 0.1333 | Y60: =MAX(Y5:Y56) -> 0.1333 | Z60: =MAX(Z5:Z56) -> 0.082697201 | AA60: =MAX(MAX(AA5:AA56), -MIN(AA5:AA56)) -> 0.88 | AB60: =MAX(AB5:AB56) -> 3.7019 | AC60: =MAX(AC5:AC56) -> 3.2443096 | AD60: =MAX(AD5:AD56) -> 3.5686 | AE60: =MAX(AE5:AE56) -> 0.32256667 | AF60: =MAX(AF5:AF56) -> 9.1201667 | AG60: =MAX(AG5:AG56) -> 0.091153811
A61: 最小绝对值 / 最小绝对偏差 (Min |Error|) | D61: =MIN(D5:D56) -> -8.9864 | E61: =MIN(E5:E56) -> -8.6214 | F61: =MIN(F5:F56) -> -0.3096 | G61: =MIN(G5:G56) -> 0.0002 | H61: =MIN(H5:H56) -> 1.1684017e-05 | I61: =MIN(I5:I56) -> -4.63 | J61: =MIN(J5:J56) -> 0.0012 | K61: =MIN(K5:K56) -> 0.00050241275 | ... AG61: =MIN(AG5:AG56) -> 2.2215828e-05
A62: 满量程跨度 (Range) / 归一化偏差 NRMSE (%FS) | D62: =MAX(D5:D56)-MIN(D5:D56) -> 17.1174 | E62: =MAX(E5:E56)-MIN(E5:E56) -> 16.4428 | F62: =AVERAGE(F5:F56) -> 0.014973077 | G62: =G59/$D$62 -> 0.0053510853 | H62: =AVERAGE(H5:H56) -> 0.037702434 | I62: =MAX(I5:I56)-MIN(I5:I56) -> 4.63 | J62: =J59/$D$62 -> 0.12139394 | K62: =AVERAGE(K5:K56) -> 0.49126802 | L62: =AVERAGE(L5:L56) -> 0.88260962 | M62: =MAX(M5:M56)-MIN(M5:M56) -> 34.3596 | N62: =MAX(N5:N56)-MIN(N5:N56) -> 32.6993 | O62: =AVERAGE(O5:O56) -> -0.012557692 | P62: =P59/$M$62 -> 0.00558314 | Q62: =AVERAGE(Q5:Q56) -> 0.033755239 | R62: =MAX(R5:R56)-MIN(R5:R56) -> 3.1047 | S62: =S59/$M$62 -> 0.13616705 | T62: =AVERAGE(T5:T56) -> 1.518148 | U62: =AVERAGE(U5:U56) -> 1.9921519 | V62: =MAX(V5:V56)-MIN(V5:V56) -> 5.882 | W62: =MAX(W5:W56)-MIN(W5:W56) -> 5.6853 | X62: =AVERAGE(X5:X56) -> -0.0066192308 | Y62: =Y59/$V$62 -> 0.0049372356 | Z62: =AVERAGE(Z5:Z56) -> 0.026934717 | AA62: =MAX(AA5:AA56)-MIN(AA5:AA56) -> 0.88 | AB62: =AB59/$V$62 -> 0.13533295 | AC62: =AVERAGE(AC5:AC56) -> 0.68425535 | AD62: =AVERAGE(AD5:AD56) -> 0.41939808 | AE62: =AVERAGE(AE5:AE56) -> 0.047292308 | AF62: =AVERAGE(AF5:AF56) -> 1.1453455 | AG62: =AVERAGE(AG5:AG56) -> 0.032797463

Sheet 3_9组全因子CFD交叉验证表
A1: 实验三：9 组 (3×3 全因子 DOE) Fluent 3D CFD 原生仿真矩阵 vs 标定理论模型逐项对比与偏差表
A3: 工况编号 Case ID | B3: 洋流流速 Vc (m/s) | C3: 方位角 ψ (deg) | D3: J1 CFD实测 (N·m) | E3: J1 标定理论 (N·m) | F3: J1 代数偏差 (N·m) | G3: J1 绝对偏差 |ΔJ1| (N·m) | H3: J2 CFD实测 (N·m) | I3: J2 标定理论 (N·m) | J3: J2 代数偏差 (N·m) | K3: J2 绝对偏差 |ΔJ2| (N·m) | L3: J3 CFD实测 (N·m) | M3: J3 标定理论 (N·m) | N3: J3 代数偏差 (N·m) | O3: J3 绝对偏差 |ΔJ3| (N·m) | P3: 三轴合成欧氏偏差 ||Δτ||₂ (N·m)
A4: Case 01 | B4: 0.25 | C4: 0 | D4: -0.27 | E4: -0.28 | F4: =E4-D4 -> -0.01 | G4: =ABS(E4-D4) -> 0.01 | H4: -0.09 | I4: -0.03 | J4: =I4-H4 -> 0.06 | K4: =ABS(I4-H4) -> 0.06 | L4: -0.07 | M4: -0.02 | N4: =M4-L4 -> 0.05 | O4: =ABS(M4-L4) -> 0.05 | P4: =SQRT(G4^2+K4^2+O4^2) -> 0.078740079
A5: Case 02 | B5: 0.25 | C5: 45 | D5: -0.22 | E5: -0.2 | F5: =E5-D5 -> 0.02 | G5: =ABS(E5-D5) -> 0.02 | H5: 0.32 | I5: 0.2 | J5: =I5-H5 -> -0.12 | K5: =ABS(I5-H5) -> 0.12 | L5: 0.33 | M5: 0.06 | N5: =M5-L5 -> -0.27 | O5: =ABS(M5-L5) -> 0.27 | P5: =SQRT(G5^2+K5^2+O5^2) -> 0.29614186
A6: Case 03 | B6: 0.25 | C6: 90 | D6: -0.01 | E6: -0.01 | F6: =E6-D6 -> 0 | G6: =ABS(E6-D6) -> 0 | H6: 0.51 | I6: 0.34 | J6: =I6-H6 -> -0.17 | K6: =ABS(I6-H6) -> 0.17 | L6: 0.56 | M6: 0.08 | N6: =M6-L6 -> -0.48 | O6: =ABS(M6-L6) -> 0.48 | P6: =SQRT(G6^2+K6^2+O6^2) -> 0.50921508
A7: Case 04 | B7: 0.5 | C7: 0 | D7: -1.01 | E7: -1.12 | F7: =E7-D7 -> -0.11 | G7: =ABS(E7-D7) -> 0.11 | H7: -0.23 | I7: -0.11 | J7: =I7-H7 -> 0.12 | K7: =ABS(I7-H7) -> 0.12 | L7: -0.21 | M7: -0.09 | N7: =M7-L7 -> 0.12 | O7: =ABS(M7-L7) -> 0.12 | P7: =SQRT(G7^2+K7^2+O7^2) -> 0.20223748
A8: Case 05 | B8: 0.5 | C8: 45 | D8: -0.69 | E8: -0.8 | F8: =E8-D8 -> -0.11 | G8: =ABS(E8-D8) -> 0.11 | H8: 0.52 | I8: 0.78 | J8: =I8-H8 -> 0.26 | K8: =ABS(I8-H8) -> 0.26 | L8: 0.53 | M8: 0.22 | N8: =M8-L8 -> -0.31 | O8: =ABS(M8-L8) -> 0.31 | P8: =SQRT(G8^2+K8^2+O8^2) -> 0.41928511
A9: Case 06 | B9: 0.5 | C9: 90 | D9: -0.21 | E9: -0.03 | F9: =E9-D9 -> 0.18 | G9: =ABS(E9-D9) -> 0.18 | H9: 1.28 | I9: 1.37 | J9: =I9-H9 -> 0.09 | K9: =ABS(I9-H9) -> 0.09 | L9: 0.95 | M9: 0.31 | N9: =M9-L9 -> -0.64 | O9: =ABS(M9-L9) -> 0.64 | P9: =SQRT(G9^2+K9^2+O9^2) -> 0.67089492
A10: Case 07 | B10: 1 | C10: 0 | D10: -2.54 | E10: -4.48 | F10: =E10-D10 -> -1.94 | G10: =ABS(E10-D10) -> 1.94 | H10: -0.82 | I10: -0.45 | J10: =I10-H10 -> 0.37 | K10: =ABS(I10-H10) -> 0.37 | L10: -0.57 | M10: -0.37 | N10: =M10-L10 -> 0.2 | O10: =ABS(M10-L10) -> 0.2 | P10: =SQRT(G10^2+K10^2+O10^2) -> 1.9850693
A11: Case 08 | B11: 1 | C11: 45 | D11: -2.29 | E11: -3.19 | F11: =E11-D11 -> -0.9 | G11: =ABS(E11-D11) -> 0.9 | H11: 2.13 | I11: 3.12 | J11: =I11-H11 -> 0.99 | K11: =ABS(I11-H11) -> 0.99 | L11: 0.35 | M11: 0.89 | N11: =M11-L11 -> 0.54 | O11: =ABS(M11-L11) -> 0.54 | P11: =SQRT(G11^2+K11^2+O11^2) -> 1.4428098
A12: Case 09 | B12: 1 | C12: 90 | D12: 0.01 | E12: -0.11 | F12: =E12-D12 -> -0.12 | G12: =ABS(E12-D12) -> 0.12 | H12: 2.62 | I12: 5.47 | J12: =I12-H12 -> 2.85 | K12: =ABS(I12-H12) -> 2.85 | L12: 1.02 | M12: 1.23 | N12: =M12-L12 -> 0.21 | O12: =ABS(M12-L12) -> 0.21 | P12: =SQRT(G12^2+K12^2+O12^2) -> 2.8602447
A13: 平均绝对偏差 (Mean / MAE) | D13: =AVERAGE(D4:D12) -> -0.80333333 | E13: =AVERAGE(E4:E12) -> -1.1355556 | F13: =AVERAGE(F4:F12) -> -0.33222222 | G13: =AVERAGE(G4:G12) -> 0.37666667 | H13: =AVERAGE(H4:H12) -> 0.69333333 | I13: =AVERAGE(I4:I12) -> 1.1877778 | J13: =AVERAGE(J4:J12) -> 0.49444444 | K13: =AVERAGE(K4:K12) -> 0.55888889 | ... P13: =AVERAGE(P4:P12) -> 0.94051537
A14: 均方根偏差 (RMSE) | D14: =SQRT(SUMSQ(D4:D12)/COUNT(D4:D12)) -> 1.2182638 | E14: =SQRT(SUMSQ(E4:E12)/COUNT(E4:E12)) -> 1.8936267 | F14: =SQRT(SUMSQ(F4:F12)/COUNT(F4:F12)) -> 0.71841647 | G14: =SQRT(SUMSQ(G4:G12)/COUNT(G4:G12)) -> 0.71841647 | H14: =SQRT(SUMSQ(H4:H12)/COUNT(H4:H12)) -> 1.2651746 | I14: =SQRT(SUMSQ(I4:I12)/COUNT(I4:I12)) -> 2.1733666 | J14: =SQRT(SUMSQ(J4:J12)/COUNT(J4:J12)) -> 1.0207024 | K14: =SQRT(SUMSQ(K4:K12)/COUNT(K4:K12)) -> 1.0207024 | ... P14: =SQRT(SUMSQ(P4:P12)/COUNT(P4:P12)) -> 1.300564
A15: 最大绝对偏差 (Max Deviation) | D15: =MAX(MAX(D4:D12),-MIN(D4:D12)) -> 2.54 | E15: =MAX(MAX(E4:E12),-MIN(E4:E12)) -> 4.48 | F15: =MAX(MAX(F4:F12),-MIN(F4:F12)) -> 1.94 | G15: =MAX(MAX(G4:G12),-MIN(G4:G12)) -> 1.94 | H15: =MAX(MAX(H4:H12),-MIN(H4:H12)) -> 2.62 | I15: =MAX(MAX(I4:I12),-MIN(I4:I12)) -> 5.47 | J15: =MAX(MAX(J4:J12),-MIN(J4:J12)) -> 2.85 | K15: =MAX(MAX(K4:K12),-MIN(K4:K12)) -> 2.85 | ... P15: =MAX(MAX(P4:P12),-MIN(P4:P12)) -> 2.8602447

Sheet 4_流速灵敏度与二次方拟合偏差
A1: 实验一：不同洋流流速 (0.00~1.00 m/s) 关节水阻峰值、二次方定律拟合偏差及电机额定安全裕度表
A3: 流速 Vc (m/s) | B3: 海况等级说明 Condition | C3: J1 水阻峰值 (N·m) | D3: J1 二次方理论拟合 0.168+12.714*Vc² | E3: J1 二次方拟合绝对偏差 (N·m) | F3: J1 二次方拟合相对偏差 (%) | G3: J2 水阻峰值 (N·m) | H3: J3 水阻峰值 (N·m) | I3: J1 总力矩峰值 (N·m) | J3: J2 总力矩峰值 (N·m) | K3: J3 总力矩峰值 (N·m) | L3: 系统总能耗 (J) | M3: 距10N·m额定上限余量 10.0 - J1_Total (N·m) | N3: 电机安全裕度百分比 Margin (%)
A4: 0 | B4: 静水基准 | C4: 0.168 | D4: =0.168+12.714*(A4^2) -> 0.168 | E4: =ABS(C4-D4) -> 0 | F4: =E4/C4 -> 0 | G4: 0.114 | H4: 0.06 | I4: 1.634 | J4: 1.579 | K4: 1.052 | L4: 6.154 | M4: =10-I4 -> 8.366 | N4: =(10-I4)/10 -> 0.8366
A5: 0.25 | B5: 0.5节微流 | C5: 1.439 | D5: =0.168+12.714*(A5^2) -> 0.962625 | E5: =ABS(C5-D5) -> 0.476375 | F5: =E5/C5 -> 0.33104587 | G5: 0.329 | H5: 0.222 | I5: 2.32 | J5: 1.633 | K5: 1.208 | L5: 6.596 | M5: =10-I5 -> 7.68 | N5: =(10-I5)/10 -> 0.768
A6: 0.5 | B6: 1.0节中流 | C6: 3.981 | D6: =0.168+12.714*(A6^2) -> 3.3465 | E6: =ABS(C6-D6) -> 0.6345 | F6: =E6/C6 -> 0.15938206 | G6: 0.637 | H6: 0.557 | I6: 4.498 | J6: 1.815 | K6: 1.518 | L6: 10.842 | M6: =10-I6 -> 5.502 | N6: =(10-I6)/10 -> 0.5502
A7: 0.75 | B7: 1.5节强流 | C7: 7.796 | D7: =0.168+12.714*(A7^2) -> 7.319625 | E7: =ABS(C7-D7) -> 0.476375 | F7: =E7/C7 -> 0.061105054 | G7: 1.025 | H7: 1.12 | I7: 8.125 | J7: 2.134 | K7: 2.038 | L7: 20.378 | M7: =10-I7 -> 1.875 | N7: =(10-I7)/10 -> 0.1875
A8: 1 | B8: 2.0节极限流 | C8: 12.882 | D8: =0.168+12.714*(A8^2) -> 12.882 | E8: =ABS(C8-D8) -> 0 | F8: =E8/C8 -> 0 | G8: 1.492 | H8: 1.924 | I8: 13.111 | J8: 2.565 | K8: 2.812 | L8: 33.735 | M8: =10-I8 -> -3.111 | N8: =(10-I8)/10 -> -0.3111

Sheet 5_流向方位角耦合与转移偏差
A1: 实验二：不同来流方位角 (0°~90°, Vc=0.50 m/s) 多轴水动力耦合与相对于正迎流基准的转移偏差表
A3: 方位角 ψ (deg) | B3: 流向工况描述 Flow Regime | C3: J1 水阻峰值 (N·m) | D3: J1 相对0°基准偏移量 ΔJ1 (N·m) | E3: J1 水阻衰减率 (%) | F3: J2 水阻峰值 (N·m) | G3: J2 相对0°基准增长量 ΔJ2 (N·m) | H3: J2 侧向载荷增幅 (%) | I3: J3 水阻峰值 (N·m) | J3: J1 总力矩峰值 (N·m) | K3: J2 总力矩峰值 (N·m) | L3: J3 总力矩峰值 (N·m) | M3: J2/J1 侧向耦合比 Ratio (J2/J1) | N3: 负荷主控关节 Dominant Axis
A4: 0 | B4: 正迎流 (船首直冲) | C4: 3.981 | D4: =C4-$C$4 -> 0 | E4: =(C4-$C$4)/$C$4 -> 0 | F4: 0.637 | G4: =F4-$F$4 -> 0 | H4: =(F4-$F$4)/$F$4 -> 0 | I4: 0.557 | J4: 4.498 | K4: 1.815 | L4: 1.518 | M4: =F4/C4 -> 0.16001005 | N4: 关节 1 (基座水平扫掠)
A5: 30 | B5: 偏前斜流 | C5: 3.478 | D5: =C5-$C$4 -> -0.503 | E5: =(C5-$C$4)/$C$4 -> -0.12635016 | F5: 1.779 | G5: =F5-$F$4 -> 1.142 | H5: =(F5-$F$4)/$F$4 -> 1.7927786 | I5: 0.571 | J5: 4.058 | K5: 2.678 | L5: 1.313 | M5: =F5/C5 -> 0.51150086 | N5: 关节 1 / 关节 2 耦合
A6: 45 | B6: 45°斜交流 | C6: 2.904 | D6: =C6-$C$4 -> -1.077 | E6: =(C6-$C$4)/$C$4 -> -0.27053504 | F6: 2.257 | G6: =F6-$F$4 -> 1.62 | H6: =(F6-$F$4)/$F$4 -> 2.5431711 | I6: 0.556 | J6: 3.569 | K6: 3.076 | L6: 1.188 | M6: =F6/C6 -> 0.77720386 | N6: 关节 1 / 关节 2 均担
A7: 60 | B7: 偏侧向流 | C7: 2.192 | D7: =C7-$C$4 -> -1.789 | E7: =(C7-$C$4)/$C$4 -> -0.44938458 | F7: 2.596 | G7: =F7-$F$4 -> 1.959 | H7: =(F7-$F$4)/$F$4 -> 3.0753532 | I7: 0.503 | J7: 2.983 | K7: 3.359 | L7: 1.073 | M7: =F7/C7 -> 1.1843066 | N7: 关节 2 (肩部俯仰承重)
A8: 90 | B8: 正横流 (纯侧向流) | C8: 0.657 | D8: =C8-$C$4 -> -3.324 | E8: =(C8-$C$4)/$C$4 -> -0.83496609 | F8: 2.737 | G8: =F8-$F$4 -> 2.1 | H8: =(F8-$F$4)/$F$4 -> 3.2967033 | I8: 0.399 | J8: 1.765 | K8: 3.429 | L8: 0.929 | M8: =F8/C8 -> 4.1659056 | N8: 关节 2 (肩部俯仰承重)

Sheet 6_CAD迎水面积与Cd标定偏差
A1: 水下机械臂 CAD 真实几何网格迎水面积与三维有限展长阻力系数 (Cd) 标定折减偏差表
A3: CAD 连杆部件 Link Name | B3: 对应驱动关节 Joint | C3: 包络宽度 X (m) | D3: 包络厚度 Y (m) | E3: 轴向展长 Z (m) | F3: 圆柱外包络面积 A_bbox (m²) | G3: STL前向实测投影 A_proj_front (m²) | H3: STL侧向实测投影 A_proj_side (m²) | I3: 真实镂空折减率 (A_front-A_bbox)/A_bbox | J3: 无限长2D理论Cd Cd_2D | K3: Fluent 3D标定Cd Cd_3D_CFD | L3: 3D绕流Cd折减偏差 (Cd_3D-Cd_2D)/Cd_2D
A4: link_002 (基座回转塔) | B4: J1 (Z轴偏航) | C4: 0.1469 | D4: 0.1469 | E4: 0.2448 | F4: 0.0229 | G4: 0.0226 | H4: 0.0211 | I4: =(G4-F4)/F4 -> -0.013100437 | J4: 1.1 | K4: 0.72 | L4: =(K4-J4)/J4 -> -0.34545455
A5: link_003 (大臂连杆) | B5: J2 (Y轴俯仰) | C5: 0.12 | D5: 0.145 | E5: 0.491 | F5: 0.0442 | G5: 0.0365 | H5: 0.0114 | I5: =(G5-F5)/F5 -> -0.17420814 | J5: 1.18 | K5: 0.66 | L5: =(K5-J5)/J5 -> -0.44067797
A6: link_004 (前臂与夹爪) | B6: J3 (Y轴俯仰) | C6: 0.106 | D6: 0.1566 | E6: 0.431 | F6: 0.0338 | G6: 0.0273 | H6: 0.0124 | I6: =(G6-F6)/F6 -> -0.19230769 | J6: 1.15 | K6: 0.63 | L6: =(K6-J6)/J6 -> -0.45217391
